id,date,time,latitude,longitude,severity,weather,vehicle_count,casualties,description
1,2025-01-15,08:23:00,40.7128,-74.0060,2,Clear,2,0,Record 1: Moderate side-swipe during commute near main street (weather: Clear; severity: 2; vehicles: 2; casualties: 0)
2,2025-02-03,17:45:00,34.0522,-118.2437,3,Rain,3,1,Record 2: Severe rollover during commute near main street (weather: Rain; severity: 3; vehicles: 3; casualties: 1)
3,2025-03-12,22:10:00,41.8781,-87.6298,4,Fog,1,2,Record 3: Critical pileup during commute near intersection (weather: Fog; severity: 4; vehicles: 1; casualties: 2)
4,2025-04-21,13:05:00,29.7604,-95.3698,1,Clear,2,0,Record 4: Low-impact head-on during commute near intersection (weather: Clear; severity: 1; vehicles: 2; casualties: 0)
5,2025-05-30,19:30:00,51.5074,-0.1278,3,Rain,4,1,Record 5: High-impact lane-change during commute near intersection (weather: Rain; severity: 3; vehicles: 4; casualties: 1)
6,2025-06-18,06:55:00,35.6895,139.6917,2,Clear,2,0,Record 6: Unusual hit-and-run during commute near ramp (weather: Clear; severity: 2; vehicles: 2; casualties: 0)
7,2025-07-04,14:20:00,48.8566,2.3522,1,Clear,1,0,Record 7: Typical overturn in heavy traffic near ramp (weather: Clear; severity: 1; vehicles: 1; casualties: 0)
8,2025-08-29,23:50:00,55.7558,37.6173,5,Snow,3,3,Record 8: Rare skid in heavy traffic near ramp (weather: Snow; severity: 5; vehicles: 3; casualties: 3)
9,2025-09-10,11:15:00,52.5200,13.4050,2,Clear,2,0,Record 9: Frequent collision in heavy traffic near highway (weather: Clear; severity: 2; vehicles: 2; casualties: 0)
10,2025-10-01,03:40:00,37.7749,-122.4194,4,Rain,2,1,Record 10: Minor rear-end in heavy traffic near highway (weather: Rain; severity: 4; vehicles: 2; casualties: 1)
11,2025-12-24,12:00:00,40.7128,-74.0060,2,Clear,2,0,Record 11: Moderate side-swipe in heavy traffic near highway (weather: Clear; severity: 2; vehicles: 2; casualties: 0)
12,2025-12-24,12:00:00,40.7128,-74.0060,2,Clear,2,0,Record 12: Severe rollover in heavy traffic near crosswalk (weather: Clear; severity: 2; vehicles: 2; casualties: 0)
13,2025-12-24,12:00:00,40.7128,-74.0060,2,Clear,2,0,Record 13: Critical pileup in heavy traffic near crosswalk (weather: Clear; severity: 2; vehicles: 2; casualties: 0)
14,2025-12-24,12:00:00,40.7128,-74.0060,2,Clear,2,0,Record 14: Low-impact head-on at night near crosswalk (weather: Clear; severity: 2; vehicles: 2; casualties: 0)
15,2025-12-24,12:00:00,40.7128,-74.0060,2,Clear,2,0,Record 15: High-impact lane-change at night near parking lot (weather: Clear; severity: 2; vehicles: 2; casualties: 0)
16,2025-12-24,12:00:00,40.7128,-74.0060,2,Clear,2,0,Record 16: Unusual hit-and-run at night near parking lot (weather: Clear; severity: 2; vehicles: 2; casualties: 0)
17,2025-12-24,12:00:00,40.7128,-74.0060,2,Clear,2,0,Record 17: Typical overturn at night near parking lot (weather: Clear; severity: 2; vehicles: 2; casualties: 0)
18,2025-12-24,12:00:00,40.7128,-74.0060,2,Clear,2,0,Record 18: Rare skid at night near roundabout (weather: Clear; severity: 2; vehicles: 2; casualties: 0)
19,2025-12-24,12:00:00,40.7128,-74.0060,2,Clear,2,0,Record 19: Frequent collision at night near roundabout (weather: Clear; severity: 2; vehicles: 2; casualties: 0)
20,2025-12-24,12:00:00,40.7128,-74.0060,2,Clear,2,0,Record 20: Minor rear-end at night near roundabout (weather: Clear; severity: 2; vehicles: 2; casualties: 0)
21,2025-12-24,12:00:00,40.7128,-74.0060,2,Clear,2,0,Record 21: Moderate side-swipe in fog near tunnel (weather: Clear; severity: 2; vehicles: 2; casualties: 0)
22,2025-12-24,12:00:00,40.7128,-74.0060,2,Clear,2,0,Record 22: Severe rollover in fog near tunnel (weather: Clear; severity: 2; vehicles: 2; casualties: 0)
23,2025-12-24,12:00:00,40.7128,-74.0060,2,Clear,2,0,Record 23: Critical pileup in fog near tunnel (weather: Clear; severity: 2; vehicles: 2; casualties: 0)
24,2025-12-24,12:00:00,40.7128,-74.0060,2,Clear,2,0,Record 24: Low-impact head-on in fog near bridge (weather: Clear; severity: 2; vehicles: 2; casualties: 0)
25,2025-12-24,12:00:00,40.7128,-74.0060,2,Clear,2,0,Record 25: High-impact lane-change in fog near bridge (weather: Clear; severity: 2; vehicles: 2; casualties: 0)
26,2025-12-24,12:00:00,40.7128,-74.0060,2,Clear,2,0,Record 26: Unusual hit-and-run in fog near bridge (weather: Clear; severity: 2; vehicles: 2; casualties: 0)
27,2025-12-24,12:00:00,40.7128,-74.0060,2,Clear,2,0,Record 27: Typical overturn in fog near boulevard (weather: Clear; severity: 2; vehicles: 2; casualties: 0)
28,2025-12-24,12:00:00,40.7128,-74.0060,2,Clear,2,0,Record 28: Rare skid in rain near boulevard (weather: Clear; severity: 2; vehicles: 2; casualties: 0)
29,2025-12-24,12:00:00,40.7128,-74.0060,2,Clear,2,0,Record 29: Frequent collision in rain near boulevard (weather: Clear; severity: 2; vehicles: 2; casualties: 0)
30,2025-12-24,12:00:00,40.7128,-74.0060,2,Clear,2,0,Record 30: Minor rear-end in rain near main street (weather: Clear; severity: 2; vehicles: 2; casualties: 0)
31,2025-12-24,12:00:00,40.7128,-74.0060,2,Clear,2,0,Record 31: Moderate side-swipe in rain near main street (weather: Clear; severity: 2; vehicles: 2; casualties: 0)
32,2025-12-24,12:00:00,40.7128,-74.0060,2,Clear,2,0,Record 32: Severe rollover in rain near main street (weather: Clear; severity: 2; vehicles: 2; casualties: 0)
33,2025-12-24,12:00:00,40.7128,-74.0060,2,Clear,2,0,Record 33: Critical pileup in rain near intersection (weather: Clear; severity: 2; vehicles: 2; casualties: 0)
34,2025-12-24,12:00:00,40.7128,-74.0060,2,Clear,2,0,Record 34: Low-impact head-on in rain near intersection (weather: Clear; severity: 2; vehicles: 2; casualties: 0)
35,2025-12-24,12:00:00,40.7128,-74.0060,2,Clear,2,0,Record 35: High-impact lane-change on icy road near intersection (weather: Clear; severity: 2; vehicles: 2; casualties: 0)
36,2025-12-24,12:00:00,40.7128,-74.0060,2,Clear,2,0,Record 36: Unusual hit-and-run on icy road near ramp (weather: Clear; severity: 2; vehicles: 2; casualties: 0)
37,2025-12-24,12:00:00,40.7128,-74.0060,2,Clear,2,0,Record 37: Typical overturn on icy road near ramp (weather: Clear; severity: 2; vehicles: 2; casualties: 0)
38,2025-12-24,12:00:00,40.7128,-74.0060,2,Clear,2,0,Record 38: Rare skid on icy road near ramp (weather: Clear; severity: 2; vehicles: 2; casualties: 0)
39,2025-12-24,12:00:00,40.7128,-74.0060,2,Clear,2,0,Record 39: Frequent collision on icy road near highway (weather: Clear; severity: 2; vehicles: 2; casualties: 0)
40,2025-12-24,12:00:00,40.7128,-74.0060,2,Clear,2,0,Record 40: Minor rear-end on icy road near highway (weather: Clear; severity: 2; vehicles: 2; casualties: 0)
41,2025-12-24,12:00:00,40.7128,-74.0060,2,Clear,2,0,Record 41: Moderate side-swipe on icy road near highway (weather: Clear; severity: 2; vehicles: 2; casualties: 0)
42,2025-12-24,12:00:00,40.7128,-74.0060,2,Clear,2,0,Record 42: Severe rollover while turning near crosswalk (weather: Clear; severity: 2; vehicles: 2; casualties: 0)
43,2025-12-24,12:00:00,40.7128,-74.0060,2,Clear,2,0,Record 43: Critical pileup while turning near crosswalk (weather: Clear; severity: 2; vehicles: 2; casualties: 0)
44,2025-12-24,12:00:00,40.7128,-74.0060,2,Clear,2,0,Record 44: Low-impact head-on while turning near crosswalk (weather: Clear; severity: 2; vehicles: 2; casualties: 0)
45,2025-12-24,12:00:00,40.7128,-74.0060,2,Clear,2,0,Record 45: High-impact lane-change while turning near parking lot (weather: Clear; severity: 2; vehicles: 2; casualties: 0)
46,2025-12-24,12:00:00,40.7128,-74.0060,2,Clear,2,0,Record 46: Unusual hit-and-run while turning near parking lot (weather: Clear; severity: 2; vehicles: 2; casualties: 0)
47,2025-12-24,12:00:00,40.7128,-74.0060,2,Clear,2,0,Record 47: Typical overturn while turning near parking lot (weather: Clear; severity: 2; vehicles: 2; casualties: 0)
48,2025-12-24,12:00:00,40.7128,-74.0060,2,Clear,2,0,Record 48: Rare skid while turning near roundabout (weather: Clear; severity: 2; vehicles: 2; casualties: 0)
49,2025-12-24,12:00:00,40.7128,-74.0060,2,Clear,2,0,Record 49: Frequent collision while overtaking near roundabout (weather: Clear; severity: 2; vehicles: 2; casualties: 0)
50,2025-12-24,12:00:00,40.7128,-74.0060,2,Clear,2,0,Record 50: Minor rear-end while overtaking near roundabout (weather: Clear; severity: 2; vehicles: 2; casualties: 0)
51,2025-12-24,12:00:00,40.7128,-74.0060,2,Clear,2,0,Record 51: Moderate side-swipe while overtaking near tunnel (weather: Clear; severity: 2; vehicles: 2; casualties: 0)
52,2025-12-24,12:00:00,40.7128,-74.0060,2,Clear,2,0,Record 52: Severe rollover while overtaking near tunnel (weather: Clear; severity: 2; vehicles: 2; casualties: 0)
53,2025-12-24,12:00:00,40.7128,-74.0060,2,Clear,2,0,Record 53: Critical pileup while overtaking near tunnel (weather: Clear; severity: 2; vehicles: 2; casualties: 0)
54,2025-12-24,12:00:00,40.7128,-74.0060,2,Clear,2,0,Record 54: Low-impact head-on while overtaking near bridge (weather: Clear; severity: 2; vehicles: 2; casualties: 0)
55,2025-12-24,12:00:00,40.7128,-74.0060,2,Clear,2,0,Record 55: High-impact lane-change while overtaking near bridge (weather: Clear; severity: 2; vehicles: 2; casualties: 0)
56,2025-12-24,12:00:00,40.7128,-74.0060,2,Clear,2,0,Record 56: Unusual hit-and-run during rush hour near bridge (weather: Clear; severity: 2; vehicles: 2; casualties: 0)
57,2025-12-24,12:00:00,40.7128,-74.0060,2,Clear,2,0,Record 57: Typical overturn during rush hour near boulevard (weather: Clear; severity: 2; vehicles: 2; casualties: 0)
58,2025-12-24,12:00:00,40.7128,-74.0060,2,Clear,2,0,Record 58: Rare skid during rush hour near boulevard (weather: Clear; severity: 2; vehicles: 2; casualties: 0)
59,2025-12-24,12:00:00,40.7128,-74.0060,2,Clear,2,0,Record 59: Frequent collision during rush hour near boulevard (weather: Clear; severity: 2; vehicles: 2; casualties: 0)
60,2025-12-24,12:00:00,40.7128,-74.0060,2,Clear,2,0,Record 60: Minor rear-end during rush hour near main street (weather: Clear; severity: 2; vehicles: 2; casualties: 0)
61,2025-12-24,12:00:00,40.7128,-74.0060,2,Clear,2,0,Record 61: Moderate side-swipe during rush hour near main street (weather: Clear; severity: 2; vehicles: 2; casualties: 0)
62,2025-12-24,12:00:00,40.7128,-74.0060,2,Clear,2,0,Record 62: Severe rollover during rush hour near main street (weather: Clear; severity: 2; vehicles: 2; casualties: 0)
63,2025-12-24,12:00:00,40.7128,-74.0060,2,Clear,2,0,Record 63: Critical pileup near construction near intersection (weather: Clear; severity: 2; vehicles: 2; casualties: 0)
64,2025-12-24,12:00:00,40.7128,-74.0060,2,Clear,2,0,Record 64: Low-impact head-on near construction near intersection (weather: Clear; severity: 2; vehicles: 2; casualties: 0)
65,2025-12-24,12:00:00,40.7128,-74.0060,2,Clear,2,0,Record 65: High-impact lane-change near construction near intersection (weather: Clear; severity: 2; vehicles: 2; casualties: 0)
66,2025-12-24,12:00:00,40.7128,-74.0060,2,Clear,2,0,Record 66: Unusual hit-and-run near construction near ramp (weather: Clear; severity: 2; vehicles: 2; casualties: 0)
67,2025-12-24,12:00:00,40.7128,-74.0060,2,Clear,2,0,Record 67: Typical overturn near construction near ramp (weather: Clear; severity: 2; vehicles: 2; casualties: 0)
68,2025-12-24,12:00:00,40.7128,-74.0060,2,Clear,2,0,Record 68: Rare skid near construction near ramp (weather: Clear; severity: 2; vehicles: 2; casualties: 0)
69,2025-12-24,12:00:00,40.7128,-74.0060,2,Clear,2,0,Record 69: Frequent collision near construction near highway (weather: Clear; severity: 2; vehicles: 2; casualties: 0)
70,2025-12-24,12:00:00,40.7128,-74.0060,2,Clear,2,0,Record 70: Minor rear-end during commute near highway (weather: Clear; severity: 2; vehicles: 2; casualties: 0)
71,2025-12-24,12:00:00,40.7128,-74.0060,2,Clear,2,0,Record 71: Moderate side-swipe during commute near highway (weather: Clear; severity: 2; vehicles: 2; casualties: 0)
72,2025-12-24,12:00:00,40.7128,-74.0060,2,Clear,2,0,Record 72: Severe rollover during commute near crosswalk (weather: Clear; severity: 2; vehicles: 2; casualties: 0)
73,2025-12-24,12:00:00,40.7128,-74.0060,2,Clear,2,0,Record 73: Critical pileup during commute near crosswalk (weather: Clear; severity: 2; vehicles: 2; casualties: 0)
74,2025-12-24,12:00:00,40.7128,-74.0060,2,Clear,2,0,Record 74: Low-impact head-on during commute near crosswalk (weather: Clear; severity: 2; vehicles: 2; casualties: 0)
75,2025-12-24,12:00:00,40.7128,-74.0060,2,Clear,2,0,Record 75: High-impact lane-change during commute near parking lot (weather: Clear; severity: 2; vehicles: 2; casualties: 0)
76,2025-12-24,12:00:00,40.7128,-74.0060,2,Clear,2,0,Record 76: Unusual hit-and-run during commute near parking lot (weather: Clear; severity: 2; vehicles: 2; casualties: 0)
77,2025-12-24,12:00:00,40.7128,-74.0060,2,Clear,2,0,Record 77: Typical overturn in heavy traffic near parking lot (weather: Clear; severity: 2; vehicles: 2; casualties: 0)
78,2025-12-24,12:00:00,40.7128,-74.0060,2,Clear,2,0,Record 78: Rare skid in heavy traffic near roundabout (weather: Clear; severity: 2; vehicles: 2; casualties: 0)
79,2025-12-24,12:00:00,40.7128,-74.0060,2,Clear,2,0,Record 79: Frequent collision in heavy traffic near roundabout (weather: Clear; severity: 2; vehicles: 2; casualties: 0)
80,2025-12-24,12:00:00,40.7128,-74.0060,2,Clear,2,0,Record 80: Minor rear-end in heavy traffic near roundabout (weather: Clear; severity: 2; vehicles: 2; casualties: 0)
81,2025-12-24,12:00:00,40.7128,-74.0060,2,Clear,2,0,Record 81: Moderate side-swipe in heavy traffic near tunnel (weather: Clear; severity: 2; vehicles: 2; casualties: 0)
82,2025-12-24,12:00:00,40.7128,-74.0060,2,Clear,2,0,Record 82: Severe rollover in heavy traffic near tunnel (weather: Clear; severity: 2; vehicles: 2; casualties: 0)
83,2025-12-24,12:00:00,40.7128,-74.0060,2,Clear,2,0,Record 83: Critical pileup in heavy traffic near tunnel (weather: Clear; severity: 2; vehicles: 2; casualties: 0)
84,2025-12-24,12:00:00,40.7128,-74.0060,2,Clear,2,0,Record 84: Low-impact head-on at night near bridge (weather: Clear; severity: 2; vehicles: 2; casualties: 0)
85,2025-12-24,12:00:00,40.7128,-74.0060,2,Clear,2,0,Record 85: High-impact lane-change at night near bridge (weather: Clear; severity: 2; vehicles: 2; casualties: 0)
86,2025-12-24,12:00:00,40.7128,-74.0060,2,Clear,2,0,Record 86: Unusual hit-and-run at night near bridge (weather: Clear; severity: 2; vehicles: 2; casualties: 0)
87,2025-12-24,12:00:00,40.7128,-74.0060,2,Clear,2,0,Record 87: Typical overturn at night near boulevard (weather: Clear; severity: 2; vehicles: 2; casualties: 0)
88,2025-12-24,12:00:00,40.7128,-74.0060,2,Clear,2,0,Record 88: Rare skid at night near boulevard (weather: Clear; severity: 2; vehicles: 2; casualties: 0)
89,2025-12-24,12:00:00,40.7128,-74.0060,2,Clear,2,0,Record 89: Frequent collision at night near boulevard (weather: Clear; severity: 2; vehicles: 2; casualties: 0)
90,2025-12-24,12:00:00,40.7128,-74.0060,2,Clear,2,0,Record 90: Minor rear-end at night near main street (weather: Clear; severity: 2; vehicles: 2; casualties: 0)
91,2025-12-24,12:00:00,40.7128,-74.0060,2,Clear,2,0,Record 91: Moderate side-swipe in fog near main street (weather: Clear; severity: 2; vehicles: 2; casualties: 0)
92,2025-12-24,12:00:00,40.7128,-74.0060,2,Clear,2,0,Record 92: Severe rollover in fog near main street (weather: Clear; severity: 2; vehicles: 2; casualties: 0)
93,2025-12-24,12:00:00,40.7128,-74.0060,2,Clear,2,0,Record 93: Critical pileup in fog near intersection (weather: Clear; severity: 2; vehicles: 2; casualties: 0)
94,2025-12-24,12:00:00,40.7128,-74.0060,2,Clear,2,0,Record 94: Low-impact head-on in fog near intersection (weather: Clear; severity: 2; vehicles: 2; casualties: 0)
95,2025-12-24,12:00:00,40.7128,-74.0060,2,Clear,2,0,Record 95: High-impact lane-change in fog near intersection (weather: Clear; severity: 2; vehicles: 2; casualties: 0)
96,2025-12-24,12:00:00,40.7128,-74.0060,2,Clear,2,0,Record 96: Unusual hit-and-run in fog near ramp (weather: Clear; severity: 2; vehicles: 2; casualties: 0)
97,2025-12-24,12:00:00,40.7128,-74.0060,2,Clear,2,0,Record 97: Typical overturn in fog near ramp (weather: Clear; severity: 2; vehicles: 2; casualties: 0)
98,2025-12-24,12:00:00,40.7128,-74.0060,2,Clear,2,0,Record 98: Rare skid in rain near ramp (weather: Clear; severity: 2; vehicles: 2; casualties: 0)
99,2025-12-24,12:00:00,40.7128,-74.0060,2,Clear,2,0,Record 99: Frequent collision in rain near highway (weather: Clear; severity: 2; vehicles: 2; casualties: 0)
100,2025-12-24,12:00:00,40.7128,-74.0060,2,Clear,2,0,Record 100: Minor rear-end in rain near highway (weather: Clear; severity: 2; vehicles: 2; casualties: 0)
101,2025-12-24,12:00:00,40.7128,-74.0060,2,Clear,2,0,Record 101: Moderate side-swipe in rain near highway (weather: Clear; severity: 2; vehicles: 2; casualties: 0)
102,2025-12-24,12:00:00,40.7128,-74.0060,2,Clear,2,0,Record 102: Severe rollover in rain near crosswalk (weather: Clear; severity: 2; vehicles: 2; casualties: 0)
103,2025-12-24,12:00:00,40.7128,-74.0060,2,Clear,2,0,Record 103: Critical pileup in rain near crosswalk (weather: Clear; severity: 2; vehicles: 2; casualties: 0)
104,2025-12-24,12:00:00,40.7128,-74.0060,2,Clear,2,0,Record 104: Low-impact head-on in rain near crosswalk (weather: Clear; severity: 2; vehicles: 2; casualties: 0)
105,2025-12-24,12:00:00,40.7128,-74.0060,2,Clear,2,0,Record 105: High-impact lane-change on icy road near parking lot (weather: Clear; severity: 2; vehicles: 2; casualties: 0)
106,2025-12-24,12:00:00,40.7128,-74.0060,2,Clear,2,0,Record 106: Unusual hit-and-run on icy road near parking lot (weather: Clear; severity: 2; vehicles: 2; casualties: 0)
107,2025-12-24,12:00:00,40.7128,-74.0060,2,Clear,2,0,Record 107: Typical overturn on icy road near parking lot (weather: Clear; severity: 2; vehicles: 2; casualties: 0)
108,2025-12-24,12:00:00,40.7128,-74.0060,2,Clear,2,0,Record 108: Rare skid on icy road near roundabout (weather: Clear; severity: 2; vehicles: 2; casualties: 0)
109,2025-12-24,12:00:00,40.7128,-74.0060,2,Clear,2,0,Record 109: Frequent collision on icy road near roundabout (weather: Clear; severity: 2; vehicles: 2; casualties: 0)
110,2025-12-24,12:00:00,40.7128,-74.0060,2,Clear,2,0,Record 110: Minor rear-end on icy road near roundabout (weather: Clear; severity: 2; vehicles: 2; casualties: 0)
111,2025-12-24,12:00:00,40.7128,-74.0060,2,Clear,2,0,Record 111: Moderate side-swipe on icy road near tunnel (weather: Clear; severity: 2; vehicles: 2; casualties: 0)
112,2025-12-24,12:00:00,40.7128,-74.0060,2,Clear,2,0,Record 112: Severe rollover while turning near tunnel (weather: Clear; severity: 2; vehicles: 2; casualties: 0)
113,2025-12-24,12:00:00,40.7128,-74.0060,2,Clear,2,0,Record 113: Critical pileup while turning near tunnel (weather: Clear; severity: 2; vehicles: 2; casualties: 0)
114,2025-12-24,12:00:00,40.7128,-74.0060,2,Clear,2,0,Record 114: Low-impact head-on while turning near bridge (weather: Clear; severity: 2; vehicles: 2; casualties: 0)
115,2025-12-24,12:00:00,40.7128,-74.0060,2,Clear,2,0,Record 115: High-impact lane-change while turning near bridge (weather: Clear; severity: 2; vehicles: 2; casualties: 0)
116,2025-12-24,12:00:00,40.7128,-74.0060,2,Clear,2,0,Record 116: Unusual hit-and-run while turning near bridge (weather: Clear; severity: 2; vehicles: 2; casualties: 0)
117,2025-12-24,12:00:00,40.7128,-74.0060,2,Clear,2,0,Record 117: Typical overturn while turning near boulevard (weather: Clear; severity: 2; vehicles: 2; casualties: 0)
118,2025-12-24,12:00:00,40.7128,-74.0060,2,Clear,2,0,Record 118: Rare skid while turning near boulevard (weather: Clear; severity: 2; vehicles: 2; casualties: 0)
119,2025-12-24,12:00:00,40.7128,-74.0060,2,Clear,2,0,Record 119: Frequent collision while overtaking near boulevard (weather: Clear; severity: 2; vehicles: 2; casualties: 0)
120,2025-12-24,12:00:00,40.7128,-74.0060,2,Clear,2,0,Record 120: Minor rear-end while overtaking near main street (weather: Clear; severity: 2; vehicles: 2; casualties: 0)
121,2025-12-24,12:00:00,40.7128,-74.0060,2,Clear,2,0,Record 121: Moderate side-swipe while overtaking near main street (weather: Clear; severity: 2; vehicles: 2; casualties: 0)
122,2025-12-24,12:00:00,40.7128,-74.0060,2,Clear,2,0,Record 122: Severe rollover while overtaking near main street (weather: Clear; severity: 2; vehicles: 2; casualties: 0)
123,2025-12-24,12:00:00,40.7128,-74.0060,2,Clear,2,0,Record 123: Critical pileup while overtaking near intersection (weather: Clear; severity: 2; vehicles: 2; casualties: 0)
124,2025-12-24,12:00:00,40.7128,-74.0060,2,Clear,2,0,Record 124: Low-impact head-on while overtaking near intersection (weather: Clear; severity: 2; vehicles: 2; casualties: 0)
125,2025-12-24,12:00:00,40.7128,-74.0060,2,Clear,2,0,Record 125: High-impact lane-change while overtaking near intersection (weather: Clear; severity: 2; vehicles: 2; casualties: 0)
126,2025-12-24,12:00:00,40.7128,-74.0060,2,Clear,2,0,Record 126: Unusual hit-and-run during rush hour near ramp (weather: Clear; severity: 2; vehicles: 2; casualties: 0)
127,2025-12-24,12:00:00,40.7128,-74.0060,2,Clear,2,0,Record 127: Typical overturn during rush hour near ramp (weather: Clear; severity: 2; vehicles: 2; casualties: 0)
128,2025-12-24,12:00:00,40.7128,-74.0060,2,Clear,2,0,Record 128: Rare skid during rush hour near ramp (weather: Clear; severity: 2; vehicles: 2; casualties: 0)
129,2025-12-24,12:00:00,40.7128,-74.0060,2,Clear,2,0,Record 129: Frequent collision during rush hour near highway (weather: Clear; severity: 2; vehicles: 2; casualties: 0)
130,2025-12-24,12:00:00,40.7128,-74.0060,2,Clear,2,0,Record 130: Minor rear-end during rush hour near highway (weather: Clear; severity: 2; vehicles: 2; casualties: 0)
131,2025-12-24,12:00:00,40.7128,-74.0060,2,Clear,2,0,Record 131: Moderate side-swipe during rush hour near highway (weather: Clear; severity: 2; vehicles: 2; casualties: 0)
132,2025-12-24,12:00:00,40.7128,-74.0060,2,Clear,2,0,Record 132: Severe rollover during rush hour near crosswalk (weather: Clear; severity: 2; vehicles: 2; casualties: 0)
133,2025-12-24,12:00:00,40.7128,-74.0060,2,Clear,2,0,Record 133: Critical pileup near construction near crosswalk (weather: Clear; severity: 2; vehicles: 2; casualties: 0)
134,2025-12-24,12:00:00,40.7128,-74.0060,2,Clear,2,0,Record 134: Low-impact head-on near construction near crosswalk (weather: Clear; severity: 2; vehicles: 2; casualties: 0)
135,2025-12-24,12:00:00,40.7128,-74.0060,2,Clear,2,0,Record 135: High-impact lane-change near construction near parking lot (weather: Clear; severity: 2; vehicles: 2; casualties: 0)
136,2025-12-24,12:00:00,40.7128,-74.0060,2,Clear,2,0,Record 136: Unusual hit-and-run near construction near parking lot (weather: Clear; severity: 2; vehicles: 2; casualties: 0)
137,2025-12-24,12:00:00,40.7128,-74.0060,2,Clear,2,0,Record 137: Typical overturn near construction near parking lot (weather: Clear; severity: 2; vehicles: 2; casualties: 0)
138,2025-12-24,12:00:00,40.7128,-74.0060,2,Clear,2,0,Record 138: Rare skid near construction near roundabout (weather: Clear; severity: 2; vehicles: 2; casualties: 0)
139,2025-12-24,12:00:00,40.7128,-74.0060,2,Clear,2,0,Record 139: Frequent collision near construction near roundabout (weather: Clear; severity: 2; vehicles: 2; casualties: 0)
140,2025-12-24,12:00:00,40.7128,-74.0060,2,Clear,2,0,Record 140: Minor rear-end during commute near roundabout (weather: Clear; severity: 2; vehicles: 2; casualties: 0)
141,2025-12-24,12:00:00,40.7128,-74.0060,2,Clear,2,0,Record 141: Moderate side-swipe during commute near tunnel (weather: Clear; severity: 2; vehicles: 2; casualties: 0)
142,2025-12-24,12:00:00,40.7128,-74.0060,2,Clear,2,0,Record 142: Severe rollover during commute near tunnel (weather: Clear; severity: 2; vehicles: 2; casualties: 0)
143,2025-12-24,12:00:00,40.7128,-74.0060,2,Clear,2,0,Record 143: Critical pileup during commute near tunnel (weather: Clear; severity: 2; vehicles: 2; casualties: 0)
144,2025-12-24,12:00:00,40.7128,-74.0060,2,Clear,2,0,Record 144: Low-impact head-on during commute near bridge (weather: Clear; severity: 2; vehicles: 2; casualties: 0)
145,2025-12-24,12:00:00,40.7128,-74.0060,2,Clear,2,0,Record 145: High-impact lane-change during commute near bridge (weather: Clear; severity: 2; vehicles: 2; casualties: 0)
146,2025-12-24,12:00:00,40.7128,-74.0060,2,Clear,2,0,Record 146: Unusual hit-and-run during commute near bridge (weather: Clear; severity: 2; vehicles: 2; casualties: 0)
147,2025-12-24,12:00:00,40.7128,-74.0060,2,Clear,2,0,Record 147: Typical overturn in heavy traffic near boulevard (weather: Clear; severity: 2; vehicles: 2; casualties: 0)
148,2025-12-24,12:00:00,40.7128,-74.0060,2,Clear,2,0,Record 148: Rare skid in heavy traffic near boulevard (weather: Clear; severity: 2; vehicles: 2; casualties: 0)
149,2025-12-24,12:00:00,40.7128,-74.0060,2,Clear,2,0,Record 149: Frequent collision in heavy traffic near boulevard (weather: Clear; severity: 2; vehicles: 2; casualties: 0)
150,2025-12-24,12:00:00,40.7128,-74.0060,2,Clear,2,0,Record 150: Minor rear-end in heavy traffic near main street (weather: Clear; severity: 2; vehicles: 2; casualties: 0)
151,2025-12-24,12:00:00,40.7128,-74.0060,2,Clear,2,0,Record 151: Moderate side-swipe in heavy traffic near main street (weather: Clear; severity: 2; vehicles: 2; casualties: 0)
152,2025-12-24,12:00:00,40.7128,-74.0060,2,Clear,2,0,Record 152: Severe rollover in heavy traffic near main street (weather: Clear; severity: 2; vehicles: 2; casualties: 0)
153,2025-12-24,12:00:00,40.7128,-74.0060,2,Clear,2,0,Record 153: Critical pileup in heavy traffic near intersection (weather: Clear; severity: 2; vehicles: 2; casualties: 0)
154,2025-12-24,12:00:00,40.7128,-74.0060,2,Clear,2,0,Record 154: Low-impact head-on at night near intersection (weather: Clear; severity: 2; vehicles: 2; casualties: 0)
155,2025-12-24,12:00:00,40.7128,-74.0060,2,Clear,2,0,Record 155: High-impact lane-change at night near intersection (weather: Clear; severity: 2; vehicles: 2; casualties: 0)
156,2025-12-24,12:00:00,40.7128,-74.0060,2,Clear,2,0,Record 156: Unusual hit-and-run at night near ramp (weather: Clear; severity: 2; vehicles: 2; casualties: 0)
157,2025-12-24,12:00:00,40.7128,-74.0060,2,Clear,2,0,Record 157: Typical overturn at night near ramp (weather: Clear; severity: 2; vehicles: 2; casualties: 0)
158,2025-12-24,12:00:00,40.7128,-74.0060,2,Clear,2,0,Record 158: Rare skid at night near ramp (weather: Clear; severity: 2; vehicles: 2; casualties: 0)
159,2025-12-24,12:00:00,40.7128,-74.0060,2,Clear,2,0,Record 159: Frequent collision at night near highway (weather: Clear; severity: 2; vehicles: 2; casualties: 0)
160,2025-12-24,12:00:00,40.7128,-74.0060,2,Clear,2,0,Record 160: Minor rear-end at night near highway (weather: Clear; severity: 2; vehicles: 2; casualties: 0)
161,2025-12-24,12:00:00,40.7128,-74.0060,2,Clear,2,0,Record 161: Moderate side-swipe in fog near highway (weather: Clear; severity: 2; vehicles: 2; casualties: 0)
162,2025-12-24,12:00:00,40.7128,-74.0060,2,Clear,2,0,Record 162: Severe rollover in fog near crosswalk (weather: Clear; severity: 2; vehicles: 2; casualties: 0)
163,2025-12-24,12:00:00,40.7128,-74.0060,2,Clear,2,0,Record 163: Critical pileup in fog near crosswalk (weather: Clear; severity: 2; vehicles: 2; casualties: 0)
164,2025-12-24,12:00:00,40.7128,-74.0060,2,Clear,2,0,Record 164: Low-impact head-on in fog near crosswalk (weather: Clear; severity: 2; vehicles: 2; casualties: 0)
165,2025-12-24,12:00:00,40.7128,-74.0060,2,Clear,2,0,Record 165: High-impact lane-change in fog near parking lot (weather: Clear; severity: 2; vehicles: 2; casualties: 0)
166,2025-12-24,12:00:00,40.7128,-74.0060,2,Clear,2,0,Record 166: Unusual hit-and-run in fog near parking lot (weather: Clear; severity: 2; vehicles: 2; casualties: 0)
167,2025-12-24,12:00:00,40.7128,-74.0060,2,Clear,2,0,Record 167: Typical overturn in fog near parking lot (weather: Clear; severity: 2; vehicles: 2; casualties: 0)
168,2025-12-24,12:00:00,40.7128,-74.0060,2,Clear,2,0,Record 168: Rare skid in rain near roundabout (weather: Clear; severity: 2; vehicles: 2; casualties: 0)
169,2025-12-24,12:00:00,40.7128,-74.0060,2,Clear,2,0,Record 169: Frequent collision in rain near roundabout (weather: Clear; severity: 2; vehicles: 2; casualties: 0)
170,2025-12-24,12:00:00,40.7128,-74.0060,2,Clear,2,0,Record 170: Minor rear-end in rain near roundabout (weather: Clear; severity: 2; vehicles: 2; casualties: 0)
171,2025-12-24,12:00:00,40.7128,-74.0060,2,Clear,2,0,Record 171: Moderate side-swipe in rain near tunnel (weather: Clear; severity: 2; vehicles: 2; casualties: 0)
172,2025-12-24,12:00:00,40.7128,-74.0060,2,Clear,2,0,Record 172: Severe rollover in rain near tunnel (weather: Clear; severity: 2; vehicles: 2; casualties: 0)
173,2025-12-24,12:00:00,40.7128,-74.0060,2,Clear,2,0,Record 173: Critical pileup in rain near tunnel (weather: Clear; severity: 2; vehicles: 2; casualties: 0)
174,2025-12-24,12:00:00,40.7128,-74.0060,2,Clear,2,0,Record 174: Low-impact head-on in rain near bridge (weather: Clear; severity: 2; vehicles: 2; casualties: 0)
175,2025-12-24,12:00:00,40.7128,-74.0060,2,Clear,2,0,Record 175: High-impact lane-change on icy road near bridge (weather: Clear; severity: 2; vehicles: 2; casualties: 0)
176,2025-12-24,12:00:00,40.7128,-74.0060,2,Clear,2,0,Record 176: Unusual hit-and-run on icy road near bridge (weather: Clear; severity: 2; vehicles: 2; casualties: 0)
177,2025-12-24,12:00:00,40.7128,-74.0060,2,Clear,2,0,Record 177: Typical overturn on icy road near boulevard (weather: Clear; severity: 2; vehicles: 2; casualties: 0)
178,2025-12-24,12:00:00,40.7128,-74.0060,2,Clear,2,0,Record 178: Rare skid on icy road near boulevard (weather: Clear; severity: 2; vehicles: 2; casualties: 0)
179,2025-12-24,12:00:00,40.7128,-74.0060,2,Clear,2,0,Record 179: Frequent collision on icy road near boulevard (weather: Clear; severity: 2; vehicles: 2; casualties: 0)
180,2025-12-24,12:00:00,40.7128,-74.0060,2,Clear,2,0,Record 180: Minor rear-end on icy road near main street (weather: Clear; severity: 2; vehicles: 2; casualties: 0)
181,2025-12-24,12:00:00,40.7128,-74.0060,2,Clear,2,0,Record 181: Moderate side-swipe on icy road near main street (weather: Clear; severity: 2; vehicles: 2; casualties: 0)
182,2025-12-24,12:00:00,40.7128,-74.0060,2,Clear,2,0,Record 182: Severe rollover while turning near main street (weather: Clear; severity: 2; vehicles: 2; casualties: 0)
183,2025-12-24,12:00:00,40.7128,-74.0060,2,Clear,2,0,Record 183: Critical pileup while turning near intersection (weather: Clear; severity: 2; vehicles: 2; casualties: 0)
184,2025-12-24,12:00:00,40.7128,-74.0060,2,Clear,2,0,Record 184: Low-impact head-on while turning near intersection (weather: Clear; severity: 2; vehicles: 2; casualties: 0)
185,2025-12-24,12:00:00,40.7128,-74.0060,2,Clear,2,0,Record 185: High-impact lane-change while turning near intersection (weather: Clear; severity: 2; vehicles: 2; casualties: 0)
186,2025-12-24,12:00:00,40.7128,-74.0060,2,Clear,2,0,Record 186: Unusual hit-and-run while turning near ramp (weather: Clear; severity: 2; vehicles: 2; casualties: 0)
187,2025-12-24,12:00:00,40.7128,-74.0060,2,Clear,2,0,Record 187: Typical overturn while turning near ramp (weather: Clear; severity: 2; vehicles: 2; casualties: 0)
188,2025-12-24,12:00:00,40.7128,-74.0060,2,Clear,2,0,Record 188: Rare skid while turning near ramp (weather: Clear; severity: 2; vehicles: 2; casualties: 0)
189,2025-12-24,12:00:00,40.7128,-74.0060,2,Clear,2,0,Record 189: Frequent collision while overtaking near highway (weather: Clear; severity: 2; vehicles: 2; casualties: 0)
190,2025-12-24,12:00:00,40.7128,-74.0060,2,Clear,2,0,Record 190: Minor rear-end while overtaking near highway (weather: Clear; severity: 2; vehicles: 2; casualties: 0)
191,2025-12-24,12:00:00,40.7128,-74.0060,2,Clear,2,0,Record 191: Moderate side-swipe while overtaking near highway (weather: Clear; severity: 2; vehicles: 2; casualties: 0)
192,2025-12-24,12:00:00,40.7128,-74.0060,2,Clear,2,0,Record 192: Severe rollover while overtaking near crosswalk (weather: Clear; severity: 2; vehicles: 2; casualties: 0)
193,2025-12-24,12:00:00,40.7128,-74.0060,2,Clear,2,0,Record 193: Critical pileup while overtaking near crosswalk (weather: Clear; severity: 2; vehicles: 2; casualties: 0)
194,2025-12-24,12:00:00,40.7128,-74.0060,2,Clear,2,0,Record 194: Low-impact head-on while overtaking near crosswalk (weather: Clear; severity: 2; vehicles: 2; casualties: 0)
195,2025-12-24,12:00:00,40.7128,-74.0060,2,Clear,2,0,Record 195: High-impact lane-change while overtaking near parking lot (weather: Clear; severity: 2; vehicles: 2; casualties: 0)
196,2025-12-24,12:00:00,40.7128,-74.0060,2,Clear,2,0,Record 196: Unusual hit-and-run during rush hour near parking lot (weather: Clear; severity: 2; vehicles: 2; casualties: 0)
197,2025-12-24,12:00:00,40.7128,-74.0060,2,Clear,2,0,Record 197: Typical overturn during rush hour near parking lot (weather: Clear; severity: 2; vehicles: 2; casualties: 0)
198,2025-12-24,12:00:00,40.7128,-74.0060,2,Clear,2,0,Record 198: Rare skid during rush hour near roundabout (weather: Clear; severity: 2; vehicles: 2; casualties: 0)
199,2025-12-24,12:00:00,40.7128,-74.0060,2,Clear,2,0,Record 199: Frequent collision during rush hour near roundabout (weather: Clear; severity: 2; vehicles: 2; casualties: 0)
200,2025-12-24,12:00:00,40.7128,-74.0060,2,Clear,2,0,Record 200: Minor rear-end during rush hour near roundabout (weather: Clear; severity: 2; vehicles: 2; casualties: 0)
201,2025-12-24,12:00:00,40.7128,-74.0060,2,Clear,2,0,Record 201: Moderate side-swipe during rush hour near tunnel (weather: Clear; severity: 2; vehicles: 2; casualties: 0)
202,2025-12-24,12:00:00,40.7128,-74.0060,2,Clear,2,0,Record 202: Severe rollover during rush hour near tunnel (weather: Clear; severity: 2; vehicles: 2; casualties: 0)
203,2025-12-24,12:00:00,40.7128,-74.0060,2,Clear,2,0,Record 203: Critical pileup near construction near tunnel (weather: Clear; severity: 2; vehicles: 2; casualties: 0)
204,2025-12-24,12:00:00,40.7128,-74.0060,2,Clear,2,0,Record 204: Low-impact head-on near construction near bridge (weather: Clear; severity: 2; vehicles: 2; casualties: 0)
205,2025-12-24,12:00:00,40.7128,-74.0060,2,Clear,2,0,Record 205: High-impact lane-change near construction near bridge (weather: Clear; severity: 2; vehicles: 2; casualties: 0)
206,2025-12-24,12:00:00,40.7128,-74.0060,2,Clear,2,0,Record 206: Unusual hit-and-run near construction near bridge (weather: Clear; severity: 2; vehicles: 2; casualties: 0)
207,2025-12-24,12:00:00,40.7128,-74.0060,2,Clear,2,0,Record 207: Typical overturn near construction near boulevard (weather: Clear; severity: 2; vehicles: 2; casualties: 0)
208,2025-12-24,12:00:00,40.7128,-74.0060,2,Clear,2,0,Record 208: Rare skid near construction near boulevard (weather: Clear; severity: 2; vehicles: 2; casualties: 0)
209,2025-12-24,12:00:00,40.7128,-74.0060,2,Clear,2,0,Record 209: Frequent collision near construction near boulevard (weather: Clear; severity: 2; vehicles: 2; casualties: 0)
210,2025-12-24,12:00:00,40.7128,-74.0060,2,Clear,2,0,Record 210: Minor rear-end during commute near main street (weather: Clear; severity: 2; vehicles: 2; casualties: 0)
211,2025-12-24,12:00:00,40.7128,-74.0060,2,Clear,2,0,Record 211: Moderate side-swipe during commute near main street (weather: Clear; severity: 2; vehicles: 2; casualties: 0)
212,2025-12-24,12:00:00,40.7128,-74.0060,2,Clear,2,0,Record 212: Severe rollover during commute near main street (weather: Clear; severity: 2; vehicles: 2; casualties: 0)
213,2025-12-24,12:00:00,40.7128,-74.0060,2,Clear,2,0,Record 213: Critical pileup during commute near intersection (weather: Clear; severity: 2; vehicles: 2; casualties: 0)
214,2025-12-24,12:00:00,40.7128,-74.0060,2,Clear,2,0,Record 214: Low-impact head-on during commute near intersection (weather: Clear; severity: 2; vehicles: 2; casualties: 0)
215,2025-12-24,12:00:00,40.7128,-74.0060,2,Clear,2,0,Record 215: High-impact lane-change during commute near intersection (weather: Clear; severity: 2; vehicles: 2; casualties: 0)
216,2025-12-24,12:00:00,40.7128,-74.0060,2,Clear,2,0,Record 216: Unusual hit-and-run during commute near ramp (weather: Clear; severity: 2; vehicles: 2; casualties: 0)
217,2025-12-24,12:00:00,40.7128,-74.0060,2,Clear,2,0,Record 217: Typical overturn in heavy traffic near ramp (weather: Clear; severity: 2; vehicles: 2; casualties: 0)
218,2025-12-24,12:00:00,40.7128,-74.0060,2,Clear,2,0,Record 218: Rare skid in heavy traffic near ramp (weather: Clear; severity: 2; vehicles: 2; casualties: 0)
219,2025-12-24,12:00:00,40.7128,-74.0060,2,Clear,2,0,Record 219: Frequent collision in heavy traffic near highway (weather: Clear; severity: 2; vehicles: 2; casualties: 0)
220,2025-12-24,12:00:00,40.7128,-74.0060,2,Clear,2,0,Record 220: Minor rear-end in heavy traffic near highway (weather: Clear; severity: 2; vehicles: 2; casualties: 0)
221,2025-12-24,12:00:00,40.7128,-74.0060,2,Clear,2,0,Record 221: Moderate side-swipe in heavy traffic near highway (weather: Clear; severity: 2; vehicles: 2; casualties: 0)
222,2025-12-24,12:00:00,40.7128,-74.0060,2,Clear,2,0,Record 222: Severe rollover in heavy traffic near crosswalk (weather: Clear; severity: 2; vehicles: 2; casualties: 0)
223,2025-12-24,12:00:00,40.7128,-74.0060,2,Clear,2,0,Record 223: Critical pileup in heavy traffic near crosswalk (weather: Clear; severity: 2; vehicles: 2; casualties: 0)
224,2025-12-24,12:00:00,40.7128,-74.0060,2,Clear,2,0,Record 224: Low-impact head-on at night near crosswalk (weather: Clear; severity: 2; vehicles: 2; casualties: 0)
225,2025-12-24,12:00:00,40.7128,-74.0060,2,Clear,2,0,Record 225: High-impact lane-change at night near parking lot (weather: Clear; severity: 2; vehicles: 2; casualties: 0)
226,2025-12-24,12:00:00,40.7128,-74.0060,2,Clear,2,0,Record 226: Unusual hit-and-run at night near parking lot (weather: Clear; severity: 2; vehicles: 2; casualties: 0)
227,2025-12-24,12:00:00,40.7128,-74.0060,2,Clear,2,0,Record 227: Typical overturn at night near parking lot (weather: Clear; severity: 2; vehicles: 2; casualties: 0)
228,2025-12-24,12:00:00,40.7128,-74.0060,2,Clear,2,0,Record 228: Rare skid at night near roundabout (weather: Clear; severity: 2; vehicles: 2; casualties: 0)
229,2025-12-24,12:00:00,40.7128,-74.0060,2,Clear,2,0,Record 229: Frequent collision at night near roundabout (weather: Clear; severity: 2; vehicles: 2; casualties: 0)
230,2025-12-24,12:00:00,40.7128,-74.0060,2,Clear,2,0,Record 230: Minor rear-end at night near roundabout (weather: Clear; severity: 2; vehicles: 2; casualties: 0)
231,2025-12-24,12:00:00,40.7128,-74.0060,2,Clear,2,0,Record 231: Moderate side-swipe in fog near tunnel (weather: Clear; severity: 2; vehicles: 2; casualties: 0)
232,2025-12-24,12:00:00,40.7128,-74.0060,2,Clear,2,0,Record 232: Severe rollover in fog near tunnel (weather: Clear; severity: 2; vehicles: 2; casualties: 0)
233,2025-12-24,12:00:00,40.7128,-74.0060,2,Clear,2,0,Record 233: Critical pileup in fog near tunnel (weather: Clear; severity: 2; vehicles: 2; casualties: 0)
234,2025-12-24,12:00:00,40.7128,-74.0060,2,Clear,2,0,Record 234: Low-impact head-on in fog near bridge (weather: Clear; severity: 2; vehicles: 2; casualties: 0)
235,2025-12-24,12:00:00,40.7128,-74.0060,2,Clear,2,0,Record 235: High-impact lane-change in fog near bridge (weather: Clear; severity: 2; vehicles: 2; casualties: 0)
236,2025-12-24,12:00:00,40.7128,-74.0060,2,Clear,2,0,Record 236: Unusual hit-and-run in fog near bridge (weather: Clear; severity: 2; vehicles: 2; casualties: 0)
237,2025-12-24,12:00:00,40.7128,-74.0060,2,Clear,2,0,Record 237: Typical overturn in fog near boulevard (weather: Clear; severity: 2; vehicles: 2; casualties: 0)
238,2025-12-24,12:00:00,40.7128,-74.0060,2,Clear,2,0,Record 238: Rare skid in rain near boulevard (weather: Clear; severity: 2; vehicles: 2; casualties: 0)
239,2025-12-24,12:00:00,40.7128,-74.0060,2,Clear,2,0,Record 239: Frequent collision in rain near boulevard (weather: Clear; severity: 2; vehicles: 2; casualties: 0)
240,2025-12-24,12:00:00,40.7128,-74.0060,2,Clear,2,0,Record 240: Minor rear-end in rain near main street (weather: Clear; severity: 2; vehicles: 2; casualties: 0)
241,2025-12-24,12:00:00,40.7128,-74.0060,2,Clear,2,0,Record 241: Moderate side-swipe in rain near main street (weather: Clear; severity: 2; vehicles: 2; casualties: 0)
242,2025-12-24,12:00:00,40.7128,-74.0060,2,Clear,2,0,Record 242: Severe rollover in rain near main street (weather: Clear; severity: 2; vehicles: 2; casualties: 0)
243,2025-12-24,12:00:00,40.7128,-74.0060,2,Clear,2,0,Record 243: Critical pileup in rain near intersection (weather: Clear; severity: 2; vehicles: 2; casualties: 0)
244,2025-12-24,12:00:00,40.7128,-74.0060,2,Clear,2,0,Record 244: Low-impact head-on in rain near intersection (weather: Clear; severity: 2; vehicles: 2; casualties: 0)
245,2025-12-24,12:00:00,40.7128,-74.0060,2,Clear,2,0,Record 245: High-impact lane-change on icy road near intersection (weather: Clear; severity: 2; vehicles: 2; casualties: 0)
246,2025-12-24,12:00:00,40.7128,-74.0060,2,Clear,2,0,Record 246: Unusual hit-and-run on icy road near ramp (weather: Clear; severity: 2; vehicles: 2; casualties: 0)
247,2025-12-24,12:00:00,40.7128,-74.0060,2,Clear,2,0,Record 247: Typical overturn on icy road near ramp (weather: Clear; severity: 2; vehicles: 2; casualties: 0)
248,2025-12-24,12:00:00,40.7128,-74.0060,2,Clear,2,0,Record 248: Rare skid on icy road near ramp (weather: Clear; severity: 2; vehicles: 2; casualties: 0)
249,2025-12-24,12:00:00,40.7128,-74.0060,2,Clear,2,0,Record 249: Frequent collision on icy road near highway (weather: Clear; severity: 2; vehicles: 2; casualties: 0)
250,2025-12-24,12:00:00,40.7128,-74.0060,2,Clear,2,0,Record 250: Minor rear-end on icy road near highway (weather: Clear; severity: 2; vehicles: 2; casualties: 0)
251,2025-12-24,12:00:00,40.7128,-74.0060,2,Clear,2,0,Record 251: Moderate side-swipe on icy road near highway (weather: Clear; severity: 2; vehicles: 2; casualties: 0)
252,2025-12-24,12:00:00,40.7128,-74.0060,2,Clear,2,0,Record 252: Severe rollover while turning near crosswalk (weather: Clear; severity: 2; vehicles: 2; casualties: 0)
253,2025-12-24,12:00:00,40.7128,-74.0060,2,Clear,2,0,Record 253: Critical pileup while turning near crosswalk (weather: Clear; severity: 2; vehicles: 2; casualties: 0)
254,2025-12-24,12:00:00,40.7128,-74.0060,2,Clear,2,0,Record 254: Low-impact head-on while turning near crosswalk (weather: Clear; severity: 2; vehicles: 2; casualties: 0)
255,2025-12-24,12:00:00,40.7128,-74.0060,2,Clear,2,0,Record 255: High-impact lane-change while turning near parking lot (weather: Clear; severity: 2; vehicles: 2; casualties: 0)
256,2025-12-24,12:00:00,40.7128,-74.0060,2,Clear,2,0,Record 256: Unusual hit-and-run while turning near parking lot (weather: Clear; severity: 2; vehicles: 2; casualties: 0)
257,2025-12-24,12:00:00,40.7128,-74.0060,2,Clear,2,0,Record 257: Typical overturn while turning near parking lot (weather: Clear; severity: 2; vehicles: 2; casualties: 0)
258,2025-12-24,12:00:00,40.7128,-74.0060,2,Clear,2,0,Record 258: Rare skid while turning near roundabout (weather: Clear; severity: 2; vehicles: 2; casualties: 0)
259,2025-12-24,12:00:00,40.7128,-74.0060,2,Clear,2,0,Record 259: Frequent collision while overtaking near roundabout (weather: Clear; severity: 2; vehicles: 2; casualties: 0)
260,2025-12-24,12:00:00,40.7128,-74.0060,2,Clear,2,0,Record 260: Minor rear-end while overtaking near roundabout (weather: Clear; severity: 2; vehicles: 2; casualties: 0)
261,2025-12-24,12:00:00,40.7128,-74.0060,2,Clear,2,0,Record 261: Moderate side-swipe while overtaking near tunnel (weather: Clear; severity: 2; vehicles: 2; casualties: 0)
262,2025-12-24,12:00:00,40.7128,-74.0060,2,Clear,2,0,Record 262: Severe rollover while overtaking near tunnel (weather: Clear; severity: 2; vehicles: 2; casualties: 0)
263,2025-12-24,12:00:00,40.7128,-74.0060,2,Clear,2,0,Record 263: Critical pileup while overtaking near tunnel (weather: Clear; severity: 2; vehicles: 2; casualties: 0)
264,2025-12-24,12:00:00,40.7128,-74.0060,2,Clear,2,0,Record 264: Low-impact head-on while overtaking near bridge (weather: Clear; severity: 2; vehicles: 2; casualties: 0)
265,2025-12-24,12:00:00,40.7128,-74.0060,2,Clear,2,0,Record 265: High-impact lane-change while overtaking near bridge (weather: Clear; severity: 2; vehicles: 2; casualties: 0)
266,2025-12-24,12:00:00,40.7128,-74.0060,2,Clear,2,0,Record 266: Unusual hit-and-run during rush hour near bridge (weather: Clear; severity: 2; vehicles: 2; casualties: 0)
267,2025-12-24,12:00:00,40.7128,-74.0060,2,Clear,2,0,Record 267: Typical overturn during rush hour near boulevard (weather: Clear; severity: 2; vehicles: 2; casualties: 0)
268,2025-12-24,12:00:00,40.7128,-74.0060,2,Clear,2,0,Record 268: Rare skid during rush hour near boulevard (weather: Clear; severity: 2; vehicles: 2; casualties: 0)
269,2025-12-24,12:00:00,40.7128,-74.0060,2,Clear,2,0,Record 269: Frequent collision during rush hour near boulevard (weather: Clear; severity: 2; vehicles: 2; casualties: 0)
270,2025-12-24,12:00:00,40.7128,-74.0060,2,Clear,2,0,Record 270: Minor rear-end during rush hour near main street (weather: Clear; severity: 2; vehicles: 2; casualties: 0)
271,2025-12-24,12:00:00,40.7128,-74.0060,2,Clear,2,0,Record 271: Moderate side-swipe during rush hour near main street (weather: Clear; severity: 2; vehicles: 2; casualties: 0)
272,2025-12-24,12:00:00,40.7128,-74.0060,2,Clear,2,0,Record 272: Severe rollover during rush hour near main street (weather: Clear; severity: 2; vehicles: 2; casualties: 0)
273,2025-12-24,12:00:00,40.7128,-74.0060,2,Clear,2,0,Record 273: Critical pileup near construction near intersection (weather: Clear; severity: 2; vehicles: 2; casualties: 0)
274,2025-12-24,12:00:00,40.7128,-74.0060,2,Clear,2,0,Record 274: Low-impact head-on near construction near intersection (weather: Clear; severity: 2; vehicles: 2; casualties: 0)
275,2025-12-24,12:00:00,40.7128,-74.0060,2,Clear,2,0,Record 275: High-impact lane-change near construction near intersection (weather: Clear; severity: 2; vehicles: 2; casualties: 0)
276,2025-12-24,12:00:00,40.7128,-74.0060,2,Clear,2,0,Record 276: Unusual hit-and-run near construction near ramp (weather: Clear; severity: 2; vehicles: 2; casualties: 0)
277,2025-12-24,12:00:00,40.7128,-74.0060,2,Clear,2,0,Record 277: Typical overturn near construction near ramp (weather: Clear; severity: 2; vehicles: 2; casualties: 0)
278,2025-12-24,12:00:00,40.7128,-74.0060,2,Clear,2,0,Record 278: Rare skid near construction near ramp (weather: Clear; severity: 2; vehicles: 2; casualties: 0)
279,2025-12-24,12:00:00,40.7128,-74.0060,2,Clear,2,0,Record 279: Frequent collision near construction near highway (weather: Clear; severity: 2; vehicles: 2; casualties: 0)
280,2025-12-24,12:00:00,40.7128,-74.0060,2,Clear,2,0,Record 280: Minor rear-end during commute near highway (weather: Clear; severity: 2; vehicles: 2; casualties: 0)
281,2025-12-24,12:00:00,40.7128,-74.0060,2,Clear,2,0,Record 281: Moderate side-swipe during commute near highway (weather: Clear; severity: 2; vehicles: 2; casualties: 0)
282,2025-12-24,12:00:00,40.7128,-74.0060,2,Clear,2,0,Record 282: Severe rollover during commute near crosswalk (weather: Clear; severity: 2; vehicles: 2; casualties: 0)
283,2025-12-24,12:00:00,40.7128,-74.0060,2,Clear,2,0,Record 283: Critical pileup during commute near crosswalk (weather: Clear; severity: 2; vehicles: 2; casualties: 0)
284,2025-12-24,12:00:00,40.7128,-74.0060,2,Clear,2,0,Record 284: Low-impact head-on during commute near crosswalk (weather: Clear; severity: 2; vehicles: 2; casualties: 0)
285,2025-12-24,12:00:00,40.7128,-74.0060,2,Clear,2,0,Record 285: High-impact lane-change during commute near parking lot (weather: Clear; severity: 2; vehicles: 2; casualties: 0)
286,2025-12-24,12:00:00,40.7128,-74.0060,2,Clear,2,0,Record 286: Unusual hit-and-run during commute near parking lot (weather: Clear; severity: 2; vehicles: 2; casualties: 0)
287,2025-12-24,12:00:00,40.7128,-74.0060,2,Clear,2,0,Record 287: Typical overturn in heavy traffic near parking lot (weather: Clear; severity: 2; vehicles: 2; casualties: 0)
288,2025-12-24,12:00:00,40.7128,-74.0060,2,Clear,2,0,Record 288: Rare skid in heavy traffic near roundabout (weather: Clear; severity: 2; vehicles: 2; casualties: 0)
289,2025-12-24,12:00:00,40.7128,-74.0060,2,Clear,2,0,Record 289: Frequent collision in heavy traffic near roundabout (weather: Clear; severity: 2; vehicles: 2; casualties: 0)
290,2025-12-24,12:00:00,40.7128,-74.0060,2,Clear,2,0,Record 290: Minor rear-end in heavy traffic near roundabout (weather: Clear; severity: 2; vehicles: 2; casualties: 0)
291,2025-12-24,12:00:00,40.7128,-74.0060,2,Clear,2,0,Record 291: Moderate side-swipe in heavy traffic near tunnel (weather: Clear; severity: 2; vehicles: 2; casualties: 0)
292,2025-12-24,12:00:00,40.7128,-74.0060,2,Clear,2,0,Record 292: Severe rollover in heavy traffic near tunnel (weather: Clear; severity: 2; vehicles: 2; casualties: 0)
293,2025-12-24,12:00:00,40.7128,-74.0060,2,Clear,2,0,Record 293: Critical pileup in heavy traffic near tunnel (weather: Clear; severity: 2; vehicles: 2; casualties: 0)
294,2025-12-24,12:00:00,40.7128,-74.0060,2,Clear,2,0,Record 294: Low-impact head-on at night near bridge (weather: Clear; severity: 2; vehicles: 2; casualties: 0)
295,2025-12-24,12:00:00,40.7128,-74.0060,2,Clear,2,0,Record 295: High-impact lane-change at night near bridge (weather: Clear; severity: 2; vehicles: 2; casualties: 0)
296,2025-12-24,12:00:00,40.7128,-74.0060,2,Clear,2,0,Record 296: Unusual hit-and-run at night near bridge (weather: Clear; severity: 2; vehicles: 2; casualties: 0)
297,2025-12-24,12:00:00,40.7128,-74.0060,2,Clear,2,0,Record 297: Typical overturn at night near boulevard (weather: Clear; severity: 2; vehicles: 2; casualties: 0)
298,2025-12-24,12:00:00,40.7128,-74.0060,2,Clear,2,0,Record 298: Rare skid at night near boulevard (weather: Clear; severity: 2; vehicles: 2; casualties: 0)
299,2025-12-24,12:00:00,40.7128,-74.0060,2,Clear,2,0,Record 299: Frequent collision at night near boulevard (weather: Clear; severity: 2; vehicles: 2; casualties: 0)
300,2025-12-24,12:00:00,40.7128,-74.0060,2,Clear,2,0,Record 300: Minor rear-end at night near main street (weather: Clear; severity: 2; vehicles: 2; casualties: 0)
301,2025-12-24,12:00:00,40.7128,-74.0060,2,Clear,2,0,Record 301: Moderate side-swipe in fog near main street (weather: Clear; severity: 2; vehicles: 2; casualties: 0)
302,2025-12-24,12:00:00,40.7128,-74.0060,2,Clear,2,0,Record 302: Severe rollover in fog near main street (weather: Clear; severity: 2; vehicles: 2; casualties: 0)
303,2025-12-24,12:00:00,40.7128,-74.0060,2,Clear,2,0,Record 303: Critical pileup in fog near intersection (weather: Clear; severity: 2; vehicles: 2; casualties: 0)
304,2025-12-24,12:00:00,40.7128,-74.0060,2,Clear,2,0,Record 304: Low-impact head-on in fog near intersection (weather: Clear; severity: 2; vehicles: 2; casualties: 0)
305,2025-12-24,12:00:00,40.7128,-74.0060,2,Clear,2,0,Record 305: High-impact lane-change in fog near intersection (weather: Clear; severity: 2; vehicles: 2; casualties: 0)
306,2025-12-24,12:00:00,40.7128,-74.0060,2,Clear,2,0,Record 306: Unusual hit-and-run in fog near ramp (weather: Clear; severity: 2; vehicles: 2; casualties: 0)
307,2025-12-24,12:00:00,40.7128,-74.0060,2,Clear,2,0,Record 307: Typical overturn in fog near ramp (weather: Clear; severity: 2; vehicles: 2; casualties: 0)
308,2025-12-24,12:00:00,40.7128,-74.0060,2,Clear,2,0,Record 308: Rare skid in rain near ramp (weather: Clear; severity: 2; vehicles: 2; casualties: 0)
309,2025-12-24,12:00:00,40.7128,-74.0060,2,Clear,2,0,Record 309: Frequent collision in rain near highway (weather: Clear; severity: 2; vehicles: 2; casualties: 0)
310,2025-12-24,12:00:00,40.7128,-74.0060,2,Clear,2,0,Record 310: Minor rear-end in rain near highway (weather: Clear; severity: 2; vehicles: 2; casualties: 0)
311,2025-12-24,12:00:00,40.7128,-74.0060,2,Clear,2,0,Record 311: Moderate side-swipe in rain near highway (weather: Clear; severity: 2; vehicles: 2; casualties: 0)
312,2025-12-24,12:00:00,40.7128,-74.0060,2,Clear,2,0,Record 312: Severe rollover in rain near crosswalk (weather: Clear; severity: 2; vehicles: 2; casualties: 0)
313,2025-12-24,12:00:00,40.7128,-74.0060,2,Clear,2,0,Record 313: Critical pileup in rain near crosswalk (weather: Clear; severity: 2; vehicles: 2; casualties: 0)
314,2025-12-24,12:00:00,40.7128,-74.0060,2,Clear,2,0,Record 314: Low-impact head-on in rain near crosswalk (weather: Clear; severity: 2; vehicles: 2; casualties: 0)
315,2025-12-24,12:00:00,40.7128,-74.0060,2,Clear,2,0,Record 315: High-impact lane-change on icy road near parking lot (weather: Clear; severity: 2; vehicles: 2; casualties: 0)
316,2025-12-24,12:00:00,40.7128,-74.0060,2,Clear,2,0,Record 316: Unusual hit-and-run on icy road near parking lot (weather: Clear; severity: 2; vehicles: 2; casualties: 0)
317,2025-12-24,12:00:00,40.7128,-74.0060,2,Clear,2,0,Record 317: Typical overturn on icy road near parking lot (weather: Clear; severity: 2; vehicles: 2; casualties: 0)
318,2025-12-24,12:00:00,40.7128,-74.0060,2,Clear,2,0,Record 318: Rare skid on icy road near roundabout (weather: Clear; severity: 2; vehicles: 2; casualties: 0)
319,2025-12-24,12:00:00,40.7128,-74.0060,2,Clear,2,0,Record 319: Frequent collision on icy road near roundabout (weather: Clear; severity: 2; vehicles: 2; casualties: 0)
320,2025-12-24,12:00:00,40.7128,-74.0060,2,Clear,2,0,Record 320: Minor rear-end on icy road near roundabout (weather: Clear; severity: 2; vehicles: 2; casualties: 0)
321,2025-12-24,12:00:00,40.7128,-74.0060,2,Clear,2,0,Record 321: Moderate side-swipe on icy road near tunnel (weather: Clear; severity: 2; vehicles: 2; casualties: 0)
322,2025-12-24,12:00:00,40.7128,-74.0060,2,Clear,2,0,Record 322: Severe rollover while turning near tunnel (weather: Clear; severity: 2; vehicles: 2; casualties: 0)
323,2025-12-24,12:00:00,40.7128,-74.0060,2,Clear,2,0,Record 323: Critical pileup while turning near tunnel (weather: Clear; severity: 2; vehicles: 2; casualties: 0)
324,2025-12-24,12:00:00,40.7128,-74.0060,2,Clear,2,0,Record 324: Low-impact head-on while turning near bridge (weather: Clear; severity: 2; vehicles: 2; casualties: 0)
325,2025-12-24,12:00:00,40.7128,-74.0060,2,Clear,2,0,Record 325: High-impact lane-change while turning near bridge (weather: Clear; severity: 2; vehicles: 2; casualties: 0)
326,2025-12-24,12:00:00,40.7128,-74.0060,2,Clear,2,0,Record 326: Unusual hit-and-run while turning near bridge (weather: Clear; severity: 2; vehicles: 2; casualties: 0)
327,2025-12-24,12:00:00,40.7128,-74.0060,2,Clear,2,0,Record 327: Typical overturn while turning near boulevard (weather: Clear; severity: 2; vehicles: 2; casualties: 0)
328,2025-12-24,12:00:00,40.7128,-74.0060,2,Clear,2,0,Record 328: Rare skid while turning near boulevard (weather: Clear; severity: 2; vehicles: 2; casualties: 0)
329,2025-12-24,12:00:00,40.7128,-74.0060,2,Clear,2,0,Record 329: Frequent collision while overtaking near boulevard (weather: Clear; severity: 2; vehicles: 2; casualties: 0)
330,2025-12-24,12:00:00,40.7128,-74.0060,2,Clear,2,0,Record 330: Minor rear-end while overtaking near main street (weather: Clear; severity: 2; vehicles: 2; casualties: 0)
331,2025-12-24,12:00:00,40.7128,-74.0060,2,Clear,2,0,Record 331: Moderate side-swipe while overtaking near main street (weather: Clear; severity: 2; vehicles: 2; casualties: 0)
332,2025-12-24,12:00:00,40.7128,-74.0060,2,Clear,2,0,Record 332: Severe rollover while overtaking near main street (weather: Clear; severity: 2; vehicles: 2; casualties: 0)
333,2025-12-24,12:00:00,40.7128,-74.0060,2,Clear,2,0,Record 333: Critical pileup while overtaking near intersection (weather: Clear; severity: 2; vehicles: 2; casualties: 0)
334,2025-12-24,12:00:00,40.7128,-74.0060,2,Clear,2,0,Record 334: Low-impact head-on while overtaking near intersection (weather: Clear; severity: 2; vehicles: 2; casualties: 0)
335,2025-12-24,12:00:00,40.7128,-74.0060,2,Clear,2,0,Record 335: High-impact lane-change while overtaking near intersection (weather: Clear; severity: 2; vehicles: 2; casualties: 0)
336,2025-12-24,12:00:00,40.7128,-74.0060,2,Clear,2,0,Record 336: Unusual hit-and-run during rush hour near ramp (weather: Clear; severity: 2; vehicles: 2; casualties: 0)
337,2025-12-24,12:00:00,40.7128,-74.0060,2,Clear,2,0,Record 337: Typical overturn during rush hour near ramp (weather: Clear; severity: 2; vehicles: 2; casualties: 0)
338,2025-12-24,12:00:00,40.7128,-74.0060,2,Clear,2,0,Record 338: Rare skid during rush hour near ramp (weather: Clear; severity: 2; vehicles: 2; casualties: 0)
339,2025-12-24,12:00:00,40.7128,-74.0060,2,Clear,2,0,Record 339: Frequent collision during rush hour near highway (weather: Clear; severity: 2; vehicles: 2; casualties: 0)
340,2025-12-24,12:00:00,40.7128,-74.0060,2,Clear,2,0,Record 340: Minor rear-end during rush hour near highway (weather: Clear; severity: 2; vehicles: 2; casualties: 0)
341,2025-12-24,12:00:00,40.7128,-74.0060,2,Clear,2,0,Record 341: Moderate side-swipe during rush hour near highway (weather: Clear; severity: 2; vehicles: 2; casualties: 0)
342,2025-12-24,12:00:00,40.7128,-74.0060,2,Clear,2,0,Record 342: Severe rollover during rush hour near crosswalk (weather: Clear; severity: 2; vehicles: 2; casualties: 0)
343,2025-12-24,12:00:00,40.7128,-74.0060,2,Clear,2,0,Record 343: Critical pileup near construction near crosswalk (weather: Clear; severity: 2; vehicles: 2; casualties: 0)
344,2025-12-24,12:00:00,40.7128,-74.0060,2,Clear,2,0,Record 344: Low-impact head-on near construction near crosswalk (weather: Clear; severity: 2; vehicles: 2; casualties: 0)
345,2025-12-24,12:00:00,40.7128,-74.0060,2,Clear,2,0,Record 345: High-impact lane-change near construction near parking lot (weather: Clear; severity: 2; vehicles: 2; casualties: 0)
346,2025-12-24,12:00:00,40.7128,-74.0060,2,Clear,2,0,Record 346: Unusual hit-and-run near construction near parking lot (weather: Clear; severity: 2; vehicles: 2; casualties: 0)
347,2025-12-24,12:00:00,40.7128,-74.0060,2,Clear,2,0,Record 347: Typical overturn near construction near parking lot (weather: Clear; severity: 2; vehicles: 2; casualties: 0)
348,2025-12-24,12:00:00,40.7128,-74.0060,2,Clear,2,0,Record 348: Rare skid near construction near roundabout (weather: Clear; severity: 2; vehicles: 2; casualties: 0)
349,2025-12-24,12:00:00,40.7128,-74.0060,2,Clear,2,0,Record 349: Frequent collision near construction near roundabout (weather: Clear; severity: 2; vehicles: 2; casualties: 0)
350,2025-12-24,12:00:00,40.7128,-74.0060,2,Clear,2,0,Record 350: Minor rear-end during commute near roundabout (weather: Clear; severity: 2; vehicles: 2; casualties: 0)
351,2025-12-24,12:00:00,40.7128,-74.0060,2,Clear,2,0,Record 351: Moderate side-swipe during commute near tunnel (weather: Clear; severity: 2; vehicles: 2; casualties: 0)
352,2025-12-24,12:00:00,40.7128,-74.0060,2,Clear,2,0,Record 352: Severe rollover during commute near tunnel (weather: Clear; severity: 2; vehicles: 2; casualties: 0)
353,2025-12-24,12:00:00,40.7128,-74.0060,2,Clear,2,0,Record 353: Critical pileup during commute near tunnel (weather: Clear; severity: 2; vehicles: 2; casualties: 0)
354,2025-12-24,12:00:00,40.7128,-74.0060,2,Clear,2,0,Record 354: Low-impact head-on during commute near bridge (weather: Clear; severity: 2; vehicles: 2; casualties: 0)
355,2025-12-24,12:00:00,40.7128,-74.0060,2,Clear,2,0,Record 355: High-impact lane-change during commute near bridge (weather: Clear; severity: 2; vehicles: 2; casualties: 0)
356,2025-12-24,12:00:00,40.7128,-74.0060,2,Clear,2,0,Record 356: Unusual hit-and-run during commute near bridge (weather: Clear; severity: 2; vehicles: 2; casualties: 0)
357,2025-12-24,12:00:00,40.7128,-74.0060,2,Clear,2,0,Record 357: Typical overturn in heavy traffic near boulevard (weather: Clear; severity: 2; vehicles: 2; casualties: 0)
358,2025-12-24,12:00:00,40.7128,-74.0060,2,Clear,2,0,Record 358: Rare skid in heavy traffic near boulevard (weather: Clear; severity: 2; vehicles: 2; casualties: 0)
359,2025-12-24,12:00:00,40.7128,-74.0060,2,Clear,2,0,Record 359: Frequent collision in heavy traffic near boulevard (weather: Clear; severity: 2; vehicles: 2; casualties: 0)
360,2025-12-24,12:00:00,40.7128,-74.0060,2,Clear,2,0,Record 360: Minor rear-end in heavy traffic near main street (weather: Clear; severity: 2; vehicles: 2; casualties: 0)
361,2025-12-24,12:00:00,40.7128,-74.0060,2,Clear,2,0,Record 361: Moderate side-swipe in heavy traffic near main street (weather: Clear; severity: 2; vehicles: 2; casualties: 0)
362,2025-12-24,12:00:00,40.7128,-74.0060,2,Clear,2,0,Record 362: Severe rollover in heavy traffic near main street (weather: Clear; severity: 2; vehicles: 2; casualties: 0)
363,2025-12-24,12:00:00,40.7128,-74.0060,2,Clear,2,0,Record 363: Critical pileup in heavy traffic near intersection (weather: Clear; severity: 2; vehicles: 2; casualties: 0)
364,2025-12-24,12:00:00,40.7128,-74.0060,2,Clear,2,0,Record 364: Low-impact head-on at night near intersection (weather: Clear; severity: 2; vehicles: 2; casualties: 0)
365,2025-12-24,12:00:00,40.7128,-74.0060,2,Clear,2,0,Record 365: High-impact lane-change at night near intersection (weather: Clear; severity: 2; vehicles: 2; casualties: 0)
366,2025-12-24,12:00:00,40.7128,-74.0060,2,Clear,2,0,Record 366: Unusual hit-and-run at night near ramp (weather: Clear; severity: 2; vehicles: 2; casualties: 0)
367,2025-12-24,12:00:00,40.7128,-74.0060,2,Clear,2,0,Record 367: Typical overturn at night near ramp (weather: Clear; severity: 2; vehicles: 2; casualties: 0)
368,2025-12-24,12:00:00,40.7128,-74.0060,2,Clear,2,0,Record 368: Rare skid at night near ramp (weather: Clear; severity: 2; vehicles: 2; casualties: 0)
369,2025-12-24,12:00:00,40.7128,-74.0060,2,Clear,2,0,Record 369: Frequent collision at night near highway (weather: Clear; severity: 2; vehicles: 2; casualties: 0)
370,2025-12-24,12:00:00,40.7128,-74.0060,2,Clear,2,0,Record 370: Minor rear-end at night near highway (weather: Clear; severity: 2; vehicles: 2; casualties: 0)
371,2025-12-24,12:00:00,40.7128,-74.0060,2,Clear,2,0,Record 371: Moderate side-swipe in fog near highway (weather: Clear; severity: 2; vehicles: 2; casualties: 0)
372,2025-12-24,12:00:00,40.7128,-74.0060,2,Clear,2,0,Record 372: Severe rollover in fog near crosswalk (weather: Clear; severity: 2; vehicles: 2; casualties: 0)
373,2025-12-24,12:00:00,40.7128,-74.0060,2,Clear,2,0,Record 373: Critical pileup in fog near crosswalk (weather: Clear; severity: 2; vehicles: 2; casualties: 0)
374,2025-12-24,12:00:00,40.7128,-74.0060,2,Clear,2,0,Record 374: Low-impact head-on in fog near crosswalk (weather: Clear; severity: 2; vehicles: 2; casualties: 0)
375,2025-12-24,12:00:00,40.7128,-74.0060,2,Clear,2,0,Record 375: High-impact lane-change in fog near parking lot (weather: Clear; severity: 2; vehicles: 2; casualties: 0)
376,2025-12-24,12:00:00,40.7128,-74.0060,2,Clear,2,0,Record 376: Unusual hit-and-run in fog near parking lot (weather: Clear; severity: 2; vehicles: 2; casualties: 0)
377,2025-12-24,12:00:00,40.7128,-74.0060,2,Clear,2,0,Record 377: Typical overturn in fog near parking lot (weather: Clear; severity: 2; vehicles: 2; casualties: 0)
378,2025-12-24,12:00:00,40.7128,-74.0060,2,Clear,2,0,Record 378: Rare skid in rain near roundabout (weather: Clear; severity: 2; vehicles: 2; casualties: 0)
379,2025-12-24,12:00:00,40.7128,-74.0060,2,Clear,2,0,Record 379: Frequent collision in rain near roundabout (weather: Clear; severity: 2; vehicles: 2; casualties: 0)
380,2025-12-24,12:00:00,40.7128,-74.0060,2,Clear,2,0,Record 380: Minor rear-end in rain near roundabout (weather: Clear; severity: 2; vehicles: 2; casualties: 0)
381,2025-12-24,12:00:00,40.7128,-74.0060,2,Clear,2,0,Record 381: Moderate side-swipe in rain near tunnel (weather: Clear; severity: 2; vehicles: 2; casualties: 0)
382,2025-12-24,12:00:00,40.7128,-74.0060,2,Clear,2,0,Record 382: Severe rollover in rain near tunnel (weather: Clear; severity: 2; vehicles: 2; casualties: 0)
383,2025-12-24,12:00:00,40.7128,-74.0060,2,Clear,2,0,Record 383: Critical pileup in rain near tunnel (weather: Clear; severity: 2; vehicles: 2; casualties: 0)
384,2025-12-24,12:00:00,40.7128,-74.0060,2,Clear,2,0,Record 384: Low-impact head-on in rain near bridge (weather: Clear; severity: 2; vehicles: 2; casualties: 0)
385,2025-12-24,12:00:00,40.7128,-74.0060,2,Clear,2,0,Record 385: High-impact lane-change on icy road near bridge (weather: Clear; severity: 2; vehicles: 2; casualties: 0)
386,2025-12-24,12:00:00,40.7128,-74.0060,2,Clear,2,0,Record 386: Unusual hit-and-run on icy road near bridge (weather: Clear; severity: 2; vehicles: 2; casualties: 0)
387,2025-12-24,12:00:00,40.7128,-74.0060,2,Clear,2,0,Record 387: Typical overturn on icy road near boulevard (weather: Clear; severity: 2; vehicles: 2; casualties: 0)
388,2025-12-24,12:00:00,40.7128,-74.0060,2,Clear,2,0,Record 388: Rare skid on icy road near boulevard (weather: Clear; severity: 2; vehicles: 2; casualties: 0)
389,2025-12-24,12:00:00,40.7128,-74.0060,2,Clear,2,0,Record 389: Frequent collision on icy road near boulevard (weather: Clear; severity: 2; vehicles: 2; casualties: 0)
390,2025-12-24,12:00:00,40.7128,-74.0060,2,Clear,2,0,Record 390: Minor rear-end on icy road near main street (weather: Clear; severity: 2; vehicles: 2; casualties: 0)
391,2025-12-24,12:00:00,40.7128,-74.0060,2,Clear,2,0,Record 391: Moderate side-swipe on icy road near main street (weather: Clear; severity: 2; vehicles: 2; casualties: 0)
392,2025-12-24,12:00:00,40.7128,-74.0060,2,Clear,2,0,Record 392: Severe rollover while turning near main street (weather: Clear; severity: 2; vehicles: 2; casualties: 0)
393,2025-12-24,12:00:00,40.7128,-74.0060,2,Clear,2,0,Record 393: Critical pileup while turning near intersection (weather: Clear; severity: 2; vehicles: 2; casualties: 0)
394,2025-12-24,12:00:00,40.7128,-74.0060,2,Clear,2,0,Record 394: Low-impact head-on while turning near intersection (weather: Clear; severity: 2; vehicles: 2; casualties: 0)
395,2025-12-24,12:00:00,40.7128,-74.0060,2,Clear,2,0,Record 395: High-impact lane-change while turning near intersection (weather: Clear; severity: 2; vehicles: 2; casualties: 0)
396,2025-12-24,12:00:00,40.7128,-74.0060,2,Clear,2,0,Record 396: Unusual hit-and-run while turning near ramp (weather: Clear; severity: 2; vehicles: 2; casualties: 0)
397,2025-12-24,12:00:00,40.7128,-74.0060,2,Clear,2,0,Record 397: Typical overturn while turning near ramp (weather: Clear; severity: 2; vehicles: 2; casualties: 0)
398,2025-12-24,12:00:00,40.7128,-74.0060,2,Clear,2,0,Record 398: Rare skid while turning near ramp (weather: Clear; severity: 2; vehicles: 2; casualties: 0)
399,2025-12-24,12:00:00,40.7128,-74.0060,2,Clear,2,0,Record 399: Frequent collision while overtaking near highway (weather: Clear; severity: 2; vehicles: 2; casualties: 0)
400,2025-12-24,12:00:00,40.7128,-74.0060,2,Clear,2,0,Record 400: Minor rear-end while overtaking near highway (weather: Clear; severity: 2; vehicles: 2; casualties: 0)
401,2025-12-24,12:00:00,40.7128,-74.0060,2,Clear,2,0,Record 401: Moderate side-swipe while overtaking near highway (weather: Clear; severity: 2; vehicles: 2; casualties: 0)
402,2025-12-24,12:00:00,40.7128,-74.0060,2,Clear,2,0,Record 402: Severe rollover while overtaking near crosswalk (weather: Clear; severity: 2; vehicles: 2; casualties: 0)
403,2025-12-24,12:00:00,40.7128,-74.0060,2,Clear,2,0,Record 403: Critical pileup while overtaking near crosswalk (weather: Clear; severity: 2; vehicles: 2; casualties: 0)
404,2025-12-24,12:00:00,40.7128,-74.0060,2,Clear,2,0,Record 404: Low-impact head-on while overtaking near crosswalk (weather: Clear; severity: 2; vehicles: 2; casualties: 0)
405,2025-12-24,12:00:00,40.7128,-74.0060,2,Clear,2,0,Record 405: High-impact lane-change while overtaking near parking lot (weather: Clear; severity: 2; vehicles: 2; casualties: 0)
406,2025-12-24,12:00:00,40.7128,-74.0060,2,Clear,2,0,Record 406: Unusual hit-and-run during rush hour near parking lot (weather: Clear; severity: 2; vehicles: 2; casualties: 0)
407,2025-12-24,12:00:00,40.7128,-74.0060,2,Clear,2,0,Record 407: Typical overturn during rush hour near parking lot (weather: Clear; severity: 2; vehicles: 2; casualties: 0)
408,2025-12-24,12:00:00,40.7128,-74.0060,2,Clear,2,0,Record 408: Rare skid during rush hour near roundabout (weather: Clear; severity: 2; vehicles: 2; casualties: 0)
409,2025-12-24,12:00:00,40.7128,-74.0060,2,Clear,2,0,Record 409: Frequent collision during rush hour near roundabout (weather: Clear; severity: 2; vehicles: 2; casualties: 0)
410,2025-12-24,12:00:00,40.7128,-74.0060,2,Clear,2,0,Record 410: Minor rear-end during rush hour near roundabout (weather: Clear; severity: 2; vehicles: 2; casualties: 0)
411,2025-12-24,12:00:00,40.7128,-74.0060,2,Clear,2,0,Record 411: Moderate side-swipe during rush hour near tunnel (weather: Clear; severity: 2; vehicles: 2; casualties: 0)
412,2025-12-24,12:00:00,40.7128,-74.0060,2,Clear,2,0,Record 412: Severe rollover during rush hour near tunnel (weather: Clear; severity: 2; vehicles: 2; casualties: 0)
413,2025-12-24,12:00:00,40.7128,-74.0060,2,Clear,2,0,Record 413: Critical pileup near construction near tunnel (weather: Clear; severity: 2; vehicles: 2; casualties: 0)
414,2025-12-24,12:00:00,40.7128,-74.0060,2,Clear,2,0,Record 414: Low-impact head-on near construction near bridge (weather: Clear; severity: 2; vehicles: 2; casualties: 0)
415,2025-12-24,12:00:00,40.7128,-74.0060,2,Clear,2,0,Record 415: High-impact lane-change near construction near bridge (weather: Clear; severity: 2; vehicles: 2; casualties: 0)
416,2025-12-24,12:00:00,40.7128,-74.0060,2,Clear,2,0,Record 416: Unusual hit-and-run near construction near bridge (weather: Clear; severity: 2; vehicles: 2; casualties: 0)
417,2025-12-24,12:00:00,40.7128,-74.0060,2,Clear,2,0,Record 417: Typical overturn near construction near boulevard (weather: Clear; severity: 2; vehicles: 2; casualties: 0)
418,2025-12-24,12:00:00,40.7128,-74.0060,2,Clear,2,0,Record 418: Rare skid near construction near boulevard (weather: Clear; severity: 2; vehicles: 2; casualties: 0)
419,2025-12-24,12:00:00,40.7128,-74.0060,2,Clear,2,0,Record 419: Frequent collision near construction near boulevard (weather: Clear; severity: 2; vehicles: 2; casualties: 0)
420,2025-12-24,12:00:00,40.7128,-74.0060,2,Clear,2,0,Record 420: Minor rear-end during commute near main street (weather: Clear; severity: 2; vehicles: 2; casualties: 0)
421,2025-12-24,12:00:00,40.7128,-74.0060,2,Clear,2,0,Record 421: Moderate side-swipe during commute near main street (weather: Clear; severity: 2; vehicles: 2; casualties: 0)
422,2025-12-24,12:00:00,40.7128,-74.0060,2,Clear,2,0,Record 422: Severe rollover during commute near main street (weather: Clear; severity: 2; vehicles: 2; casualties: 0)
423,2025-12-24,12:00:00,40.7128,-74.0060,2,Clear,2,0,Record 423: Critical pileup during commute near intersection (weather: Clear; severity: 2; vehicles: 2; casualties: 0)
424,2025-12-24,12:00:00,40.7128,-74.0060,2,Clear,2,0,Record 424: Low-impact head-on during commute near intersection (weather: Clear; severity: 2; vehicles: 2; casualties: 0)
425,2025-12-24,12:00:00,40.7128,-74.0060,2,Clear,2,0,Record 425: High-impact lane-change during commute near intersection (weather: Clear; severity: 2; vehicles: 2; casualties: 0)
426,2025-12-24,12:00:00,40.7128,-74.0060,2,Clear,2,0,Record 426: Unusual hit-and-run during commute near ramp (weather: Clear; severity: 2; vehicles: 2; casualties: 0)
427,2025-12-24,12:00:00,40.7128,-74.0060,2,Clear,2,0,Record 427: Typical overturn in heavy traffic near ramp (weather: Clear; severity: 2; vehicles: 2; casualties: 0)
428,2025-12-24,12:00:00,40.7128,-74.0060,2,Clear,2,0,Record 428: Rare skid in heavy traffic near ramp (weather: Clear; severity: 2; vehicles: 2; casualties: 0)
429,2025-12-24,12:00:00,40.7128,-74.0060,2,Clear,2,0,Record 429: Frequent collision in heavy traffic near highway (weather: Clear; severity: 2; vehicles: 2; casualties: 0)
430,2025-12-24,12:00:00,40.7128,-74.0060,2,Clear,2,0,Record 430: Minor rear-end in heavy traffic near highway (weather: Clear; severity: 2; vehicles: 2; casualties: 0)
431,2025-12-24,12:00:00,40.7128,-74.0060,2,Clear,2,0,Record 431: Moderate side-swipe in heavy traffic near highway (weather: Clear; severity: 2; vehicles: 2; casualties: 0)
432,2025-12-24,12:00:00,40.7128,-74.0060,2,Clear,2,0,Record 432: Severe rollover in heavy traffic near crosswalk (weather: Clear; severity: 2; vehicles: 2; casualties: 0)
433,2025-12-24,12:00:00,40.7128,-74.0060,2,Clear,2,0,Record 433: Critical pileup in heavy traffic near crosswalk (weather: Clear; severity: 2; vehicles: 2; casualties: 0)
434,2025-12-24,12:00:00,40.7... (truncated),,,,,,Record 434: Low-impact head-on at night near crosswalk (weather: None; severity: None; vehicles: None; casualties: None)
